{
  "_Lua\\Shuttles\\Civilian\\fisherman.yml": {
    "timestamp": 1760711636.3006117,
    "hash": "9b9bd7f2125f783fde4e9e9c65d5a4c7",
    "size": 162562
  },
  "_Lua\\Shuttles\\Civilian\\riman2.yml": {
    "timestamp": 1760711636.3006117,
    "hash": "8ca130df0510b8c01335c0496b110974",
    "size": 98130
  },
  "_Lua\\Shuttles\\Civilian\\runo.yml": {
    "timestamp": 1760711636.3006117,
    "hash": "5042763693a54f9448d5f120c192f600",
    "size": 29443
  },
  "_Lua\\Shuttles\\Civilian\\seagull.yml": {
    "timestamp": 1760711636.3006117,
    "hash": "d0414b6d2d7bedc27c6012e8ef2265db",
    "size": 112236
  },
  "_Lua\\Shuttles\\Civilian\\shuttletinia.yml": {
    "timestamp": 1760711636.3006117,
    "hash": "c26e76b740f0a12ca16f62c69ad3687b",
    "size": 327740
  },
  "_Lua\\Shuttles\\Expedition\\arkalis.yml": {
    "timestamp": 1756312855.8670316,
    "hash": "692b4c35cc349b06ff7bf03370258b94",
    "size": 600086
  },
  "_Lua\\Shuttles\\Expedition\\gixon.yml": {
    "timestamp": 1756922002.6610413,
    "hash": "01c5b840c806a32e3bbd1f8221d8b606",
    "size": 457143
  },
  "_Lua\\Shuttles\\Expedition\\kairiis.yml": {
    "timestamp": 1760711636.3006117,
    "hash": "9f32f006351acf4efef46ab3008f689e",
    "size": 79704
  },
  "_Lua\\Shuttles\\Expedition\\sauron.yml": {
    "timestamp": 1760711636.3006117,
    "hash": "e677eb3366df2d6ac532b5b536b89562",
    "size": 233101
  },
  "_Lua\\Shuttles\\LuaTech\\hayar.yml": {
    "timestamp": 1760711636.3006117,
    "hash": "efbd1b5e720fd59d7ec2f0d32dcbe167",
    "size": 181710
  },
  "_Lua\\Shuttles\\LuaTech\\hevish.yml": {
    "timestamp": 1760711636.3006117,
    "hash": "ee4d61df9913c17d634138e18fb95676",
    "size": 637201
  },
  "_Lua\\Shuttles\\Mercenary\\ayhiva.yml": {
    "timestamp": 1760711636.3006117,
    "hash": "83fc66c9bf3143e0450f7dd1ebae6479",
    "size": 131341
  },
  "_Lua\\Shuttles\\Mercenary\\Caretaker.yml": {
    "timestamp": 1760711636.3006117,
    "hash": "8e304a253a1f68996237366fa3982942",
    "size": 61184
  },
  "_Lua\\Shuttles\\Mercenary\\eaglemercy.yml": {
    "timestamp": 1760711636.3006117,
    "hash": "75618bdd1322e3c5dbdce00b77567378",
    "size": 107174
  },
  "_Lua\\Shuttles\\Mercenary\\Hedgehog.yml": {
    "timestamp": 1760711636.3006117,
    "hash": "58d2632cba9fb25d6a168f160c4327bb",
    "size": 31356
  },
  "_Lua\\Shuttles\\Mercenary\\merc_xeno.yml": {
    "timestamp": 1758644545.6991112,
    "hash": "764e1f02fca55e4b655bf9462ef11da6",
    "size": 172227
  },
  "_Lua\\Shuttles\\Pirates\\Baron.yml": {
    "timestamp": 1760711636.3006117,
    "hash": "7613c3ca46a97b3797f04a17bc0733cd",
    "size": 262447
  },
  "_Lua\\Shuttles\\Pirates\\Kettlebell.yml": {
    "timestamp": 1760711636.3006117,
    "hash": "2e802d9a40215476f2c26b88dc7bd2a4",
    "size": 102944
  },
  "_Lua\\Shuttles\\Pirates\\Mjolnir.yml": {
    "timestamp": 1760711636.3006117,
    "hash": "9474a6b2b77c56181b57d1158ce61d1b",
    "size": 89217
  },
  "_Lua\\Shuttles\\Pirates\\Pearl.yml": {
    "timestamp": 1760711636.3006117,
    "hash": "c371f58c5a50865564195ffb21f7650b",
    "size": 86639
  },
  "_Lua\\Shuttles\\SD\\Draupnir.yml": {
    "timestamp": 1760711636.3006117,
    "hash": "8825d45c204e4ab735d19687595f9743",
    "size": 92197
  },
  "_Lua\\Shuttles\\SD\\Grabber.yml": {
    "timestamp": 1760711636.3006117,
    "hash": "d705fea532a68dea372229a833b9a4bd",
    "size": 94698
  },
  "_Lua\\Shuttles\\SD\\hayar.yml": {
    "timestamp": 1760711636.3006117,
    "hash": "42fd002735e2dae73b7da39fd59fd9f4",
    "size": 177374
  },
  "_Lua\\Shuttles\\SD\\hevish.yml": {
    "timestamp": 1760711636.3006117,
    "hash": "e8d3014433ae0f7833f25992b55b2003",
    "size": 618172
  },
  "_Lua\\Shuttles\\SD\\Mole.yml": {
    "timestamp": 1760711636.3006117,
    "hash": "b1d0b4ec6af8909c43bc27770cd94bc5",
    "size": 137575
  },
  "_Lua\\Shuttles\\SD\\purga.yml": {
    "timestamp": 1760711636.3006117,
    "hash": "ecdfc9f7ae7e9ca51585896314273de4",
    "size": 118131
  },
  "_Lua\\Shuttles\\SD\\rising.yml": {
    "timestamp": 1760711636.3006117,
    "hash": "57e3f0ac873686901e578cbbfaf70175",
    "size": 193963
  },
  "_Lua\\Shuttles\\SD\\tuman.yml": {
    "timestamp": 1756922002.6610413,
    "hash": "c7f8838592067aa71e7c576cccc5886d",
    "size": 215402
  },
  "_Lua\\Shuttles\\SD\\wasp.yml": {
    "timestamp": 1760711636.3006117,
    "hash": "c4216358663f515c041316f8989a3813",
    "size": 224955
  },
  "_Lua\\Shuttles\\Typan\\dagger.yml": {
    "timestamp": 1760711636.3006117,
    "hash": "55baf39a4f8a234531680b7b2f4697ef",
    "size": 144557
  },
  "_Lua\\Shuttles\\Typan\\expedition.yml": {
    "timestamp": 1760711636.3006117,
    "hash": "eac10edeaf01aca9fe28ef5126370332",
    "size": 52469
  },
  "_Lua\\Shuttles\\Typan\\explorer.yml": {
    "timestamp": 1760711636.3006117,
    "hash": "745fa8b54ceabd1e9258330a83415903",
    "size": 28298
  },
  "_Lua\\Shuttles\\Typan\\fish.yml": {
    "timestamp": 1760711636.3006117,
    "hash": "5c95eae01453e527d97b16934c8b81e8",
    "size": 85712
  },
  "_Lua\\Shuttles\\Typan\\ganger.yml": {
    "timestamp": 1760711636.3006117,
    "hash": "7d53fb5e10f5871b10f705da0531ed5a",
    "size": 27264
  },
  "_Lua\\Shuttles\\Typan\\hunter.yml": {
    "timestamp": 1760711636.3006117,
    "hash": "180d70bb9a0ed70367968e65e3f5de30",
    "size": 60377
  },
  "_Lua\\Shuttles\\Typan\\infiltrator.yml": {
    "timestamp": 1760711636.3006117,
    "hash": "775eee2c03c4a01f5b9853dcc0cf80de",
    "size": 125422
  },
  "_Lua\\Shuttles\\Typan\\Lamaniel.yml": {
    "timestamp": 1760711636.3006117,
    "hash": "5576c37fd1202328f33b3167d4935df7",
    "size": 72601
  },
  "_Lua\\Shuttles\\Typan\\Laqeramaline.yml": {
    "timestamp": 1760711636.3006117,
    "hash": "2d681a91a5a6d807358005c353b6f223",
    "size": 290521
  },
  "_Lua\\Shuttles\\Typan\\LaserBeam.yml": {
    "timestamp": 1758644545.6991112,
    "hash": "cb114716427f8a34aba9fbb0113522c9",
    "size": 182443
  },
  "_Lua\\Shuttles\\Typan\\pioneer.yml": {
    "timestamp": 1760711636.3006117,
    "hash": "14a4c7632e5c9e8579ea3a19b9cddc0c",
    "size": 34483
  },
  "_Lua\\Shuttles\\Typan\\shukra-2.yml": {
    "timestamp": 1760711636.3006117,
    "hash": "0f55552a4ffb790869d58a1644f403c6",
    "size": 125873
  },
  "_Lua\\Shuttles\\Typan\\shukra-f.yml": {
    "timestamp": 1760711636.3006117,
    "hash": "81438ec825b551b3a58f916d3ec1a7b1",
    "size": 125766
  },
  "_Lua\\Shuttles\\Typan\\skif-2.yml": {
    "timestamp": 1760711636.3006117,
    "hash": "2ab83e8fc6ff4d9d31f033d2a978f247",
    "size": 94376
  },
  "_Lua\\Shuttles\\Typan\\strizh.yml": {
    "timestamp": 1760711636.3006117,
    "hash": "090bc20e0e646bba8de3b3e2d15fe0f0",
    "size": 96019
  },
  "_Mono\\Shuttles\\aclass.yml": {
    "timestamp": 1760711636.3006117,
    "hash": "89e112148bf0d615ba2802be17938cfb",
    "size": 172605
  },
  "_Mono\\Shuttles\\akasono.yml": {
    "timestamp": 1760711636.3006117,
    "hash": "ec3d608214bb87676164c5425788f5b4",
    "size": 74200
  },
  "_Mono\\Shuttles\\arachnid.yml": {
    "timestamp": 1756312855.8670316,
    "hash": "9fbc58fd7f0ed5de77b36181c736023c",
    "size": 60271
  },
  "_Mono\\Shuttles\\archer.yml": {
    "timestamp": 1760711636.3006117,
    "hash": "39c3e08e45381cefe7e6ce488cca24ff",
    "size": 106183
  },
  "_Mono\\Shuttles\\argent.yml": {
    "timestamp": 1760711636.3006117,
    "hash": "a3ede167b6de29b4b42c9fc580dfdb7a",
    "size": 130839
  },
  "_Mono\\Shuttles\\Baeg.yml": {
    "timestamp": 1760711636.3006117,
    "hash": "9211fe3085a2d873dfeea27d9956e017",
    "size": 17406
  },
  "_Mono\\Shuttles\\bucket.yml": {
    "timestamp": 1760711636.3006117,
    "hash": "074d201a84ff009e0b9da44e3724cdc8",
    "size": 36997
  },
  "_Mono\\Shuttles\\dram.yml": {
    "timestamp": 1760711636.3006117,
    "hash": "9747b6cef0c861406d75f2ab398d22d4",
    "size": 67426
  },
  "_Mono\\Shuttles\\eden.yml": {
    "timestamp": 1760711636.3006117,
    "hash": "37cafdb88b7c15b69b4e55f43a312a81",
    "size": 104001
  },